creation_time,failed,failed_reason,time_of_death,vars,id,module_id,participant_id,time_started,time_finished,time_aborted,started,finished,aborted,type,class
2022-11-30 21:30:17,False,,,{},1,main_consent,1,2022-11-30 21:30:17,2022-11-30 21:30:18,,True,True,False,ModuleState,ModuleState
2022-11-30 21:30:22,False,,,{},3,main_consent,2,2022-11-30 21:30:22,2022-11-30 21:30:22,,True,True,False,ModuleState,ModuleState
2022-11-30 21:30:27,False,,,{},5,main_consent,3,2022-11-30 21:30:27,2022-11-30 21:30:27,,True,True,False,ModuleState,ModuleState
2022-11-30 21:30:32,False,,,{},7,main_consent,4,2022-11-30 21:30:32,2022-11-30 21:30:32,,True,True,False,ModuleState,ModuleState
2022-11-30 21:30:37,False,,,{},9,main_consent,5,2022-11-30 21:30:37,2022-11-30 21:30:37,,True,True,False,ModuleState,ModuleState
2022-11-30 21:30:42,False,,,{},11,main_consent,6,2022-11-30 21:30:42,2022-11-30 21:30:42,,True,True,False,ModuleState,ModuleState
2022-11-30 21:30:47,False,,,{},13,main_consent,7,2022-11-30 21:30:47,2022-11-30 21:30:47,,True,True,False,ModuleState,ModuleState
2022-11-30 21:30:52,False,,,{},15,main_consent,8,2022-11-30 21:30:52,2022-11-30 21:30:52,,True,True,False,ModuleState,ModuleState
2022-11-30 21:30:57,False,,,{},17,main_consent,9,2022-11-30 21:30:57,2022-11-30 21:30:57,,True,True,False,ModuleState,ModuleState
2022-11-30 21:31:02,False,,,{},19,main_consent,10,2022-11-30 21:31:02,2022-11-30 21:31:02,,True,True,False,ModuleState,ModuleState
2022-11-30 21:31:07,False,,,{},21,main_consent,11,2022-11-30 21:31:07,2022-11-30 21:31:07,,True,True,False,ModuleState,ModuleState
2022-11-30 21:31:12,False,,,{},23,main_consent,12,2022-11-30 21:31:12,2022-11-30 21:31:12,,True,True,False,ModuleState,ModuleState
2022-11-30 21:31:17,False,,,{},25,main_consent,13,2022-11-30 21:31:17,2022-11-30 21:31:17,,True,True,False,ModuleState,ModuleState
2022-11-30 21:31:22,False,,,{},27,main_consent,14,2022-11-30 21:31:22,2022-11-30 21:31:22,,True,True,False,ModuleState,ModuleState
2022-11-30 21:31:27,False,,,{},29,main_consent,15,2022-11-30 21:31:27,2022-11-30 21:31:27,,True,True,False,ModuleState,ModuleState
2022-11-30 21:31:32,False,,,{},31,main_consent,16,2022-11-30 21:31:32,2022-11-30 21:31:32,,True,True,False,ModuleState,ModuleState
2022-11-30 21:31:37,False,,,{},33,main_consent,17,2022-11-30 21:31:37,2022-11-30 21:31:37,,True,True,False,ModuleState,ModuleState
2022-11-30 21:31:42,False,,,{},35,main_consent,18,2022-11-30 21:31:42,2022-11-30 21:31:42,,True,True,False,ModuleState,ModuleState
2022-11-30 21:31:47,False,,,{},37,main_consent,19,2022-11-30 21:31:47,2022-11-30 21:31:47,,True,True,False,ModuleState,ModuleState
2022-11-30 21:31:52,False,,,{},39,main_consent,20,2022-11-30 21:31:52,2022-11-30 21:31:52,,True,True,False,ModuleState,ModuleState
2022-11-30 21:31:57,False,,,{},41,main_consent,21,2022-11-30 21:31:57,2022-11-30 21:31:57,,True,True,False,ModuleState,ModuleState
2022-11-30 21:32:02,False,,,{},43,main_consent,22,2022-11-30 21:32:02,2022-11-30 21:32:02,,True,True,False,ModuleState,ModuleState
2022-11-30 21:32:07,False,,,{},45,main_consent,23,2022-11-30 21:32:07,2022-11-30 21:32:07,,True,True,False,ModuleState,ModuleState
2022-11-30 21:32:12,False,,,{},47,main_consent,24,2022-11-30 21:32:12,2022-11-30 21:32:12,,True,True,False,ModuleState,ModuleState
2022-11-30 21:32:17,False,,,{},49,main_consent,25,2022-11-30 21:32:17,2022-11-30 21:32:17,,True,True,False,ModuleState,ModuleState
2022-11-30 21:32:22,False,,,{},51,main_consent,26,2022-11-30 21:32:22,2022-11-30 21:32:22,,True,True,False,ModuleState,ModuleState
2022-11-30 21:32:27,False,,,{},53,main_consent,27,2022-11-30 21:32:27,2022-11-30 21:32:27,,True,True,False,ModuleState,ModuleState
2022-11-30 21:32:32,False,,,{},55,main_consent,28,2022-11-30 21:32:32,2022-11-30 21:32:32,,True,True,False,ModuleState,ModuleState
2022-11-30 21:32:37,False,,,{},57,main_consent,29,2022-11-30 21:32:37,2022-11-30 21:32:37,,True,True,False,ModuleState,ModuleState
2022-11-30 21:32:42,False,,,{},59,main_consent,30,2022-11-30 21:32:42,2022-11-30 21:32:42,,True,True,False,ModuleState,ModuleState
2022-11-30 21:32:47,False,,,{},61,main_consent,31,2022-11-30 21:32:47,2022-11-30 21:32:47,,True,True,False,ModuleState,ModuleState
2022-11-30 21:32:52,False,,,{},63,main_consent,32,2022-11-30 21:32:52,2022-11-30 21:32:52,,True,True,False,ModuleState,ModuleState
2022-11-30 21:32:57,False,,,{},65,main_consent,33,2022-11-30 21:32:57,2022-11-30 21:32:57,,True,True,False,ModuleState,ModuleState
2022-11-30 21:33:02,False,,,{},67,main_consent,34,2022-11-30 21:33:02,2022-11-30 21:33:02,,True,True,False,ModuleState,ModuleState
2022-11-30 21:33:07,False,,,{},69,main_consent,35,2022-11-30 21:33:07,2022-11-30 21:33:07,,True,True,False,ModuleState,ModuleState
2022-11-30 21:33:12,False,,,{},71,main_consent,36,2022-11-30 21:33:12,2022-11-30 21:33:12,,True,True,False,ModuleState,ModuleState
2022-11-30 21:33:17,False,,,{},73,main_consent,37,2022-11-30 21:33:17,2022-11-30 21:33:17,,True,True,False,ModuleState,ModuleState
2022-11-30 21:33:22,False,,,{},75,main_consent,38,2022-11-30 21:33:22,2022-11-30 21:33:22,,True,True,False,ModuleState,ModuleState
2022-11-30 21:33:27,False,,,{},77,main_consent,39,2022-11-30 21:33:27,2022-11-30 21:33:27,,True,True,False,ModuleState,ModuleState
2022-11-30 21:33:32,False,,,{},79,main_consent,40,2022-11-30 21:33:32,2022-11-30 21:33:32,,True,True,False,ModuleState,ModuleState
2022-11-30 21:33:37,False,,,{},81,main_consent,41,2022-11-30 21:33:37,2022-11-30 21:33:37,,True,True,False,ModuleState,ModuleState
2022-11-30 21:33:42,False,,,{},83,main_consent,42,2022-11-30 21:33:42,2022-11-30 21:33:42,,True,True,False,ModuleState,ModuleState
2022-11-30 21:33:47,False,,,{},85,main_consent,43,2022-11-30 21:33:47,2022-11-30 21:33:47,,True,True,False,ModuleState,ModuleState
2022-11-30 21:33:52,False,,,{},87,main_consent,44,2022-11-30 21:33:52,2022-11-30 21:33:52,,True,True,False,ModuleState,ModuleState
2022-11-30 21:33:57,False,,,{},89,main_consent,45,2022-11-30 21:33:57,2022-11-30 21:33:57,,True,True,False,ModuleState,ModuleState
2022-11-30 21:34:02,False,,,{},91,main_consent,46,2022-11-30 21:34:02,2022-11-30 21:34:02,,True,True,False,ModuleState,ModuleState
2022-11-30 21:34:07,False,,,{},93,main_consent,47,2022-11-30 21:34:07,2022-11-30 21:34:07,,True,True,False,ModuleState,ModuleState
2022-11-30 21:34:12,False,,,{},95,main_consent,48,2022-11-30 21:34:12,2022-11-30 21:34:12,,True,True,False,ModuleState,ModuleState
2022-11-30 21:34:17,False,,,{},97,main_consent,49,2022-11-30 21:34:17,2022-11-30 21:34:17,,True,True,False,ModuleState,ModuleState
2022-11-30 21:34:22,False,,,{},99,main_consent,50,2022-11-30 21:34:22,2022-11-30 21:34:22,,True,True,False,ModuleState,ModuleState
2022-11-30 21:34:27,False,,,{},101,main_consent,51,2022-11-30 21:34:27,2022-11-30 21:34:27,,True,True,False,ModuleState,ModuleState
2022-11-30 21:34:32,False,,,{},103,main_consent,52,2022-11-30 21:34:32,2022-11-30 21:34:32,,True,True,False,ModuleState,ModuleState
2022-11-30 21:34:37,False,,,{},105,main_consent,53,2022-11-30 21:34:37,2022-11-30 21:34:37,,True,True,False,ModuleState,ModuleState
2022-11-30 21:34:42,False,,,{},107,main_consent,54,2022-11-30 21:34:42,2022-11-30 21:34:42,,True,True,False,ModuleState,ModuleState
2022-11-30 21:34:47,False,,,{},109,main_consent,55,2022-11-30 21:34:47,2022-11-30 21:34:47,,True,True,False,ModuleState,ModuleState
2022-11-30 21:34:52,False,,,{},111,main_consent,56,2022-11-30 21:34:52,2022-11-30 21:34:52,,True,True,False,ModuleState,ModuleState
2022-11-30 21:34:57,False,,,{},113,main_consent,57,2022-11-30 21:34:57,2022-11-30 21:34:57,,True,True,False,ModuleState,ModuleState
2022-11-30 21:35:02,False,,,{},115,main_consent,58,2022-11-30 21:35:02,2022-11-30 21:35:02,,True,True,False,ModuleState,ModuleState
2022-11-30 21:35:07,False,,,{},117,main_consent,59,2022-11-30 21:35:07,2022-11-30 21:35:07,,True,True,False,ModuleState,ModuleState
2022-11-30 21:35:12,False,,,{},119,main_consent,60,2022-11-30 21:35:12,2022-11-30 21:35:12,,True,True,False,ModuleState,ModuleState
2022-11-30 21:35:17,False,,,{},121,main_consent,61,2022-11-30 21:35:17,2022-11-30 21:35:17,,True,True,False,ModuleState,ModuleState
2022-11-30 21:35:22,False,,,{},123,main_consent,62,2022-11-30 21:35:22,2022-11-30 21:35:22,,True,True,False,ModuleState,ModuleState
2022-11-30 21:35:27,False,,,{},125,main_consent,63,2022-11-30 21:35:27,2022-11-30 21:35:27,,True,True,False,ModuleState,ModuleState
2022-11-30 21:35:32,False,,,{},127,main_consent,64,2022-11-30 21:35:32,2022-11-30 21:35:32,,True,True,False,ModuleState,ModuleState
2022-11-30 21:35:37,False,,,{},129,main_consent,65,2022-11-30 21:35:37,2022-11-30 21:35:37,,True,True,False,ModuleState,ModuleState
2022-11-30 21:35:42,False,,,{},131,main_consent,66,2022-11-30 21:35:42,2022-11-30 21:35:42,,True,True,False,ModuleState,ModuleState
2022-11-30 21:35:47,False,,,{},133,main_consent,67,2022-11-30 21:35:47,2022-11-30 21:35:47,,True,True,False,ModuleState,ModuleState
2022-11-30 21:35:52,False,,,{},135,main_consent,68,2022-11-30 21:35:52,2022-11-30 21:35:52,,True,True,False,ModuleState,ModuleState
2022-11-30 21:35:57,False,,,{},137,main_consent,69,2022-11-30 21:35:57,2022-11-30 21:35:57,,True,True,False,ModuleState,ModuleState
2022-11-30 21:36:02,False,,,{},139,main_consent,70,2022-11-30 21:36:02,2022-11-30 21:36:02,,True,True,False,ModuleState,ModuleState
2022-11-30 21:36:07,False,,,{},141,main_consent,71,2022-11-30 21:36:07,2022-11-30 21:36:07,,True,True,False,ModuleState,ModuleState
2022-11-30 21:36:12,False,,,{},143,main_consent,72,2022-11-30 21:36:12,2022-11-30 21:36:12,,True,True,False,ModuleState,ModuleState
2022-11-30 21:36:17,False,,,{},145,main_consent,73,2022-11-30 21:36:17,2022-11-30 21:36:17,,True,True,False,ModuleState,ModuleState
2022-11-30 21:36:22,False,,,{},147,main_consent,74,2022-11-30 21:36:22,2022-11-30 21:36:22,,True,True,False,ModuleState,ModuleState
2022-11-30 21:36:27,False,,,{},149,main_consent,75,2022-11-30 21:36:27,2022-11-30 21:36:27,,True,True,False,ModuleState,ModuleState
2022-11-30 21:36:32,False,,,{},151,main_consent,76,2022-11-30 21:36:32,2022-11-30 21:36:32,,True,True,False,ModuleState,ModuleState
2022-11-30 21:36:37,False,,,{},153,main_consent,77,2022-11-30 21:36:37,2022-11-30 21:36:37,,True,True,False,ModuleState,ModuleState
2022-11-30 21:36:42,False,,,{},155,main_consent,78,2022-11-30 21:36:42,2022-11-30 21:36:42,,True,True,False,ModuleState,ModuleState
2022-11-30 21:36:47,False,,,{},157,main_consent,79,2022-11-30 21:36:47,2022-11-30 21:36:47,,True,True,False,ModuleState,ModuleState
2022-11-30 21:36:52,False,,,{},159,main_consent,80,2022-11-30 21:36:52,2022-11-30 21:36:52,,True,True,False,ModuleState,ModuleState
2022-11-30 21:36:57,False,,,{},161,main_consent,81,2022-11-30 21:36:57,2022-11-30 21:36:57,,True,True,False,ModuleState,ModuleState
2022-11-30 21:37:02,False,,,{},163,main_consent,82,2022-11-30 21:37:02,2022-11-30 21:37:02,,True,True,False,ModuleState,ModuleState
2022-11-30 21:37:07,False,,,{},165,main_consent,83,2022-11-30 21:37:07,2022-11-30 21:37:07,,True,True,False,ModuleState,ModuleState
2022-11-30 21:37:12,False,,,{},167,main_consent,84,2022-11-30 21:37:12,2022-11-30 21:37:12,,True,True,False,ModuleState,ModuleState
2022-11-30 21:37:17,False,,,{},169,main_consent,85,2022-11-30 21:37:17,2022-11-30 21:37:17,,True,True,False,ModuleState,ModuleState
2022-11-30 21:37:22,False,,,{},171,main_consent,86,2022-11-30 21:37:22,2022-11-30 21:37:22,,True,True,False,ModuleState,ModuleState
2022-11-30 21:37:27,False,,,{},173,main_consent,87,2022-11-30 21:37:27,2022-11-30 21:37:27,,True,True,False,ModuleState,ModuleState
2022-11-30 21:37:32,False,,,{},175,main_consent,88,2022-11-30 21:37:32,2022-11-30 21:37:32,,True,True,False,ModuleState,ModuleState
2022-11-30 21:37:37,False,,,{},177,main_consent,89,2022-11-30 21:37:37,2022-11-30 21:37:37,,True,True,False,ModuleState,ModuleState
2022-11-30 21:37:42,False,,,{},179,main_consent,90,2022-11-30 21:37:42,2022-11-30 21:37:42,,True,True,False,ModuleState,ModuleState
2022-11-30 21:37:47,False,,,{},181,main_consent,91,2022-11-30 21:37:47,2022-11-30 21:37:47,,True,True,False,ModuleState,ModuleState
2022-11-30 21:37:52,False,,,{},183,main_consent,92,2022-11-30 21:37:52,2022-11-30 21:37:52,,True,True,False,ModuleState,ModuleState
2022-11-30 21:37:57,False,,,{},185,main_consent,93,2022-11-30 21:37:57,2022-11-30 21:37:57,,True,True,False,ModuleState,ModuleState
2022-11-30 21:38:02,False,,,{},187,main_consent,94,2022-11-30 21:38:02,2022-11-30 21:38:02,,True,True,False,ModuleState,ModuleState
2022-11-30 21:38:07,False,,,{},189,main_consent,95,2022-11-30 21:38:07,2022-11-30 21:38:07,,True,True,False,ModuleState,ModuleState
2022-11-30 21:38:12,False,,,{},191,main_consent,96,2022-11-30 21:38:12,2022-11-30 21:38:12,,True,True,False,ModuleState,ModuleState
2022-11-30 21:38:17,False,,,{},193,main_consent,97,2022-11-30 21:38:17,2022-11-30 21:38:17,,True,True,False,ModuleState,ModuleState
2022-11-30 21:38:22,False,,,{},195,main_consent,98,2022-11-30 21:38:22,2022-11-30 21:38:22,,True,True,False,ModuleState,ModuleState
2022-11-30 21:38:27,False,,,{},197,main_consent,99,2022-11-30 21:38:27,2022-11-30 21:38:27,,True,True,False,ModuleState,ModuleState
2022-11-30 21:38:32,False,,,{},199,main_consent,100,2022-11-30 21:38:32,2022-11-30 21:38:32,,True,True,False,ModuleState,ModuleState
2022-11-30 21:38:37,False,,,{},201,main_consent,101,2022-11-30 21:38:37,2022-11-30 21:38:37,,True,True,False,ModuleState,ModuleState
2022-11-30 21:38:42,False,,,{},203,main_consent,102,2022-11-30 21:38:42,2022-11-30 21:38:42,,True,True,False,ModuleState,ModuleState
2022-11-30 21:38:47,False,,,{},205,main_consent,103,2022-11-30 21:38:47,2022-11-30 21:38:47,,True,True,False,ModuleState,ModuleState
2022-11-30 21:38:52,False,,,{},207,main_consent,104,2022-11-30 21:38:52,2022-11-30 21:38:52,,True,True,False,ModuleState,ModuleState
2022-11-30 21:38:57,False,,,{},209,main_consent,105,2022-11-30 21:38:57,2022-11-30 21:38:57,,True,True,False,ModuleState,ModuleState
2022-11-30 21:39:02,False,,,{},211,main_consent,106,2022-11-30 21:39:02,2022-11-30 21:39:02,,True,True,False,ModuleState,ModuleState
2022-11-30 21:39:07,False,,,{},213,main_consent,107,2022-11-30 21:39:07,2022-11-30 21:39:07,,True,True,False,ModuleState,ModuleState
2022-11-30 21:39:12,False,,,{},215,main_consent,108,2022-11-30 21:39:12,2022-11-30 21:39:12,,True,True,False,ModuleState,ModuleState
2022-11-30 21:39:17,False,,,{},217,main_consent,109,2022-11-30 21:39:17,2022-11-30 21:39:17,,True,True,False,ModuleState,ModuleState
2022-11-30 21:39:22,False,,,{},219,main_consent,110,2022-11-30 21:39:22,2022-11-30 21:39:22,,True,True,False,ModuleState,ModuleState
2022-11-30 21:39:27,False,,,{},221,main_consent,111,2022-11-30 21:39:27,2022-11-30 21:39:27,,True,True,False,ModuleState,ModuleState
2022-11-30 21:39:32,False,,,{},223,main_consent,112,2022-11-30 21:39:32,2022-11-30 21:39:32,,True,True,False,ModuleState,ModuleState
2022-11-30 21:39:37,False,,,{},225,main_consent,113,2022-11-30 21:39:37,2022-11-30 21:39:37,,True,True,False,ModuleState,ModuleState
2022-11-30 21:39:42,False,,,{},227,main_consent,114,2022-11-30 21:39:42,2022-11-30 21:39:42,,True,True,False,ModuleState,ModuleState
2022-11-30 21:39:47,False,,,{},229,main_consent,115,2022-11-30 21:39:47,2022-11-30 21:39:47,,True,True,False,ModuleState,ModuleState
2022-11-30 21:39:52,False,,,{},231,main_consent,116,2022-11-30 21:39:52,2022-11-30 21:39:52,,True,True,False,ModuleState,ModuleState
2022-11-30 21:39:57,False,,,{},233,main_consent,117,2022-11-30 21:39:57,2022-11-30 21:39:57,,True,True,False,ModuleState,ModuleState
2022-11-30 21:40:02,False,,,{},235,main_consent,118,2022-11-30 21:40:02,2022-11-30 21:40:02,,True,True,False,ModuleState,ModuleState
2022-11-30 21:40:07,False,,,{},237,main_consent,119,2022-11-30 21:40:07,2022-11-30 21:40:07,,True,True,False,ModuleState,ModuleState
2022-11-30 21:40:12,False,,,{},239,main_consent,120,2022-11-30 21:40:12,2022-11-30 21:40:12,,True,True,False,ModuleState,ModuleState
2022-11-30 21:40:17,False,,,{},241,main_consent,121,2022-11-30 21:40:17,2022-11-30 21:40:17,,True,True,False,ModuleState,ModuleState
2022-11-30 21:40:22,False,,,{},243,main_consent,122,2022-11-30 21:40:22,2022-11-30 21:40:22,,True,True,False,ModuleState,ModuleState
2022-11-30 21:40:27,False,,,{},245,main_consent,123,2022-11-30 21:40:27,2022-11-30 21:40:27,,True,True,False,ModuleState,ModuleState
2022-11-30 21:40:32,False,,,{},247,main_consent,124,2022-11-30 21:40:32,2022-11-30 21:40:32,,True,True,False,ModuleState,ModuleState
2022-11-30 21:40:37,False,,,{},249,main_consent,125,2022-11-30 21:40:37,2022-11-30 21:40:37,,True,True,False,ModuleState,ModuleState
2022-11-30 21:40:42,False,,,{},251,main_consent,126,2022-11-30 21:40:42,2022-11-30 21:40:42,,True,True,False,ModuleState,ModuleState
2022-11-30 21:40:47,False,,,{},253,main_consent,127,2022-11-30 21:40:47,2022-11-30 21:40:47,,True,True,False,ModuleState,ModuleState
2022-11-30 21:40:52,False,,,{},255,main_consent,128,2022-11-30 21:40:52,2022-11-30 21:40:52,,True,True,False,ModuleState,ModuleState
2022-11-30 21:40:57,False,,,{},257,main_consent,129,2022-11-30 21:40:57,2022-11-30 21:40:57,,True,True,False,ModuleState,ModuleState
2022-11-30 21:41:02,False,,,{},259,main_consent,130,2022-11-30 21:41:02,2022-11-30 21:41:02,,True,True,False,ModuleState,ModuleState
2022-11-30 21:41:07,False,,,{},261,main_consent,131,2022-11-30 21:41:07,2022-11-30 21:41:07,,True,True,False,ModuleState,ModuleState
2022-11-30 21:41:12,False,,,{},263,main_consent,132,2022-11-30 21:41:12,2022-11-30 21:41:12,,True,True,False,ModuleState,ModuleState
2022-11-30 21:41:17,False,,,{},265,main_consent,133,2022-11-30 21:41:17,2022-11-30 21:41:17,,True,True,False,ModuleState,ModuleState
2022-11-30 21:41:22,False,,,{},267,main_consent,134,2022-11-30 21:41:22,2022-11-30 21:41:22,,True,True,False,ModuleState,ModuleState
2022-11-30 21:41:27,False,,,{},269,main_consent,135,2022-11-30 21:41:27,2022-11-30 21:41:27,,True,True,False,ModuleState,ModuleState
2022-11-30 21:41:32,False,,,{},271,main_consent,136,2022-11-30 21:41:32,2022-11-30 21:41:32,,True,True,False,ModuleState,ModuleState
2022-11-30 21:41:37,False,,,{},273,main_consent,137,2022-11-30 21:41:37,2022-11-30 21:41:37,,True,True,False,ModuleState,ModuleState
2022-11-30 21:41:42,False,,,{},275,main_consent,138,2022-11-30 21:41:42,2022-11-30 21:41:42,,True,True,False,ModuleState,ModuleState
2022-11-30 21:41:47,False,,,{},277,main_consent,139,2022-11-30 21:41:47,2022-11-30 21:41:47,,True,True,False,ModuleState,ModuleState
2022-11-30 21:41:52,False,,,{},279,main_consent,140,2022-11-30 21:41:52,2022-11-30 21:41:52,,True,True,False,ModuleState,ModuleState
2022-11-30 21:41:57,False,,,{},281,main_consent,141,2022-11-30 21:41:57,2022-11-30 21:41:57,,True,True,False,ModuleState,ModuleState
2022-11-30 21:42:02,False,,,{},283,main_consent,142,2022-11-30 21:42:02,2022-11-30 21:42:02,,True,True,False,ModuleState,ModuleState
2022-11-30 21:42:07,False,,,{},285,main_consent,143,2022-11-30 21:42:07,2022-11-30 21:42:07,,True,True,False,ModuleState,ModuleState
2022-11-30 21:42:12,False,,,{},287,main_consent,144,2022-11-30 21:42:12,2022-11-30 21:42:12,,True,True,False,ModuleState,ModuleState
2022-11-30 21:42:17,False,,,{},289,main_consent,145,2022-11-30 21:42:17,2022-11-30 21:42:17,,True,True,False,ModuleState,ModuleState
2022-11-30 21:42:22,False,,,{},291,main_consent,146,2022-11-30 21:42:22,2022-11-30 21:42:22,,True,True,False,ModuleState,ModuleState
2022-11-30 21:42:27,False,,,{},293,main_consent,147,2022-11-30 21:42:27,2022-11-30 21:42:27,,True,True,False,ModuleState,ModuleState
2022-11-30 21:42:32,False,,,{},295,main_consent,148,2022-11-30 21:42:32,2022-11-30 21:42:32,,True,True,False,ModuleState,ModuleState
2022-11-30 21:42:37,False,,,{},297,main_consent,149,2022-11-30 21:42:37,2022-11-30 21:42:37,,True,True,False,ModuleState,ModuleState
2022-11-30 21:42:42,False,,,{},299,main_consent,150,2022-11-30 21:42:42,2022-11-30 21:42:42,,True,True,False,ModuleState,ModuleState
2022-11-30 21:42:47,False,,,{},301,main_consent,151,2022-11-30 21:42:47,2022-11-30 21:42:47,,True,True,False,ModuleState,ModuleState
2022-11-30 21:42:52,False,,,{},303,main_consent,152,2022-11-30 21:42:52,2022-11-30 21:42:52,,True,True,False,ModuleState,ModuleState
2022-11-30 21:42:57,False,,,{},305,main_consent,153,2022-11-30 21:42:57,2022-11-30 21:42:57,,True,True,False,ModuleState,ModuleState
2022-11-30 21:43:02,False,,,{},307,main_consent,154,2022-11-30 21:43:02,2022-11-30 21:43:02,,True,True,False,ModuleState,ModuleState
2022-11-30 21:43:07,False,,,{},309,main_consent,155,2022-11-30 21:43:07,2022-11-30 21:43:07,,True,True,False,ModuleState,ModuleState
2022-11-30 21:43:12,False,,,{},311,main_consent,156,2022-11-30 21:43:12,2022-11-30 21:43:12,,True,True,False,ModuleState,ModuleState
2022-11-30 21:43:17,False,,,{},313,main_consent,157,2022-11-30 21:43:17,2022-11-30 21:43:17,,True,True,False,ModuleState,ModuleState
2022-11-30 21:43:22,False,,,{},315,main_consent,158,2022-11-30 21:43:22,2022-11-30 21:43:22,,True,True,False,ModuleState,ModuleState
2022-11-30 21:43:27,False,,,{},317,main_consent,159,2022-11-30 21:43:27,2022-11-30 21:43:27,,True,True,False,ModuleState,ModuleState
2022-11-30 21:43:32,False,,,{},319,main_consent,160,2022-11-30 21:43:32,2022-11-30 21:43:32,,True,True,False,ModuleState,ModuleState
2022-11-30 21:43:37,False,,,{},321,main_consent,161,2022-11-30 21:43:37,2022-11-30 21:43:37,,True,True,False,ModuleState,ModuleState
2022-11-30 21:43:42,False,,,{},323,main_consent,162,2022-11-30 21:43:42,2022-11-30 21:43:42,,True,True,False,ModuleState,ModuleState
2022-11-30 21:43:47,False,,,{},325,main_consent,163,2022-11-30 21:43:47,2022-11-30 21:43:47,,True,True,False,ModuleState,ModuleState
2022-11-30 21:43:52,False,,,{},327,main_consent,164,2022-11-30 21:43:52,2022-11-30 21:43:52,,True,True,False,ModuleState,ModuleState
2022-11-30 21:43:57,False,,,{},329,main_consent,165,2022-11-30 21:43:57,2022-11-30 21:43:57,,True,True,False,ModuleState,ModuleState
2022-11-30 21:44:02,False,,,{},331,main_consent,166,2022-11-30 21:44:02,2022-11-30 21:44:02,,True,True,False,ModuleState,ModuleState
2022-11-30 21:44:07,False,,,{},333,main_consent,167,2022-11-30 21:44:07,2022-11-30 21:44:07,,True,True,False,ModuleState,ModuleState
2022-11-30 21:44:12,False,,,{},335,main_consent,168,2022-11-30 21:44:12,2022-11-30 21:44:12,,True,True,False,ModuleState,ModuleState
2022-11-30 21:44:17,False,,,{},337,main_consent,169,2022-11-30 21:44:17,2022-11-30 21:44:17,,True,True,False,ModuleState,ModuleState
2022-11-30 21:44:22,False,,,{},339,main_consent,170,2022-11-30 21:44:22,2022-11-30 21:44:22,,True,True,False,ModuleState,ModuleState
2022-11-30 21:44:27,False,,,{},341,main_consent,171,2022-11-30 21:44:27,2022-11-30 21:44:27,,True,True,False,ModuleState,ModuleState
2022-11-30 21:44:32,False,,,{},343,main_consent,172,2022-11-30 21:44:32,2022-11-30 21:44:32,,True,True,False,ModuleState,ModuleState
2022-11-30 21:44:37,False,,,{},345,main_consent,173,2022-11-30 21:44:37,2022-11-30 21:44:37,,True,True,False,ModuleState,ModuleState
2022-11-30 21:44:42,False,,,{},347,main_consent,174,2022-11-30 21:44:42,2022-11-30 21:44:42,,True,True,False,ModuleState,ModuleState
2022-11-30 21:44:47,False,,,{},349,main_consent,175,2022-11-30 21:44:47,2022-11-30 21:44:47,,True,True,False,ModuleState,ModuleState
2022-11-30 21:44:52,False,,,{},351,main_consent,176,2022-11-30 21:44:52,2022-11-30 21:44:52,,True,True,False,ModuleState,ModuleState
2022-11-30 21:44:57,False,,,{},353,main_consent,177,2022-11-30 21:44:57,2022-11-30 21:44:57,,True,True,False,ModuleState,ModuleState
2022-11-30 21:45:02,False,,,{},355,main_consent,178,2022-11-30 21:45:02,2022-11-30 21:45:02,,True,True,False,ModuleState,ModuleState
2022-11-30 21:45:07,False,,,{},357,main_consent,179,2022-11-30 21:45:07,2022-11-30 21:45:07,,True,True,False,ModuleState,ModuleState
2022-11-30 21:45:12,False,,,{},359,main_consent,180,2022-11-30 21:45:12,2022-11-30 21:45:12,,True,True,False,ModuleState,ModuleState
2022-11-30 21:45:17,False,,,{},361,main_consent,181,2022-11-30 21:45:17,2022-11-30 21:45:17,,True,True,False,ModuleState,ModuleState
2022-11-30 21:45:22,False,,,{},363,main_consent,182,2022-11-30 21:45:22,2022-11-30 21:45:22,,True,True,False,ModuleState,ModuleState
2022-11-30 21:45:27,False,,,{},365,main_consent,183,2022-11-30 21:45:27,2022-11-30 21:45:27,,True,True,False,ModuleState,ModuleState
2022-11-30 21:45:32,False,,,{},367,main_consent,184,2022-11-30 21:45:32,2022-11-30 21:45:32,,True,True,False,ModuleState,ModuleState
2022-11-30 21:45:37,False,,,{},369,main_consent,185,2022-11-30 21:45:37,2022-11-30 21:45:37,,True,True,False,ModuleState,ModuleState
2022-11-30 21:45:42,False,,,{},371,main_consent,186,2022-11-30 21:45:42,2022-11-30 21:45:42,,True,True,False,ModuleState,ModuleState
2022-11-30 21:45:47,False,,,{},373,main_consent,187,2022-11-30 21:45:47,2022-11-30 21:45:47,,True,True,False,ModuleState,ModuleState
2022-11-30 21:45:52,False,,,{},375,main_consent,188,2022-11-30 21:45:52,2022-11-30 21:45:52,,True,True,False,ModuleState,ModuleState
2022-11-30 21:45:57,False,,,{},377,main_consent,189,2022-11-30 21:45:57,2022-11-30 21:45:57,,True,True,False,ModuleState,ModuleState
2022-11-30 21:46:02,False,,,{},379,main_consent,190,2022-11-30 21:46:02,2022-11-30 21:46:02,,True,True,False,ModuleState,ModuleState
2022-11-30 21:46:07,False,,,{},381,main_consent,191,2022-11-30 21:46:07,2022-11-30 21:46:07,,True,True,False,ModuleState,ModuleState
2022-11-30 21:46:12,False,,,{},383,main_consent,192,2022-11-30 21:46:12,2022-11-30 21:46:12,,True,True,False,ModuleState,ModuleState
2022-11-30 21:46:17,False,,,{},385,main_consent,193,2022-11-30 21:46:17,2022-11-30 21:46:17,,True,True,False,ModuleState,ModuleState
2022-11-30 21:46:22,False,,,{},387,main_consent,194,2022-11-30 21:46:22,2022-11-30 21:46:22,,True,True,False,ModuleState,ModuleState
2022-11-30 21:46:27,False,,,{},389,main_consent,195,2022-11-30 21:46:27,2022-11-30 21:46:27,,True,True,False,ModuleState,ModuleState
2022-11-30 21:46:32,False,,,{},391,main_consent,196,2022-11-30 21:46:32,2022-11-30 21:46:32,,True,True,False,ModuleState,ModuleState
2022-11-30 21:46:37,False,,,{},393,main_consent,197,2022-11-30 21:46:37,2022-11-30 21:46:37,,True,True,False,ModuleState,ModuleState
2022-11-30 21:46:42,False,,,{},395,main_consent,198,2022-11-30 21:46:42,2022-11-30 21:46:42,,True,True,False,ModuleState,ModuleState
2022-11-30 21:46:47,False,,,{},397,main_consent,199,2022-11-30 21:46:47,2022-11-30 21:46:47,,True,True,False,ModuleState,ModuleState
2022-11-30 21:46:52,False,,,{},399,main_consent,200,2022-11-30 21:46:52,2022-11-30 21:46:52,,True,True,False,ModuleState,ModuleState
2022-11-30 21:46:57,False,,,{},401,main_consent,201,2022-11-30 21:46:57,2022-11-30 21:46:57,,True,True,False,ModuleState,ModuleState
2022-11-30 21:47:02,False,,,{},403,main_consent,202,2022-11-30 21:47:02,2022-11-30 21:47:02,,True,True,False,ModuleState,ModuleState
2022-11-30 21:47:07,False,,,{},405,main_consent,203,2022-11-30 21:47:07,2022-11-30 21:47:07,,True,True,False,ModuleState,ModuleState
2022-11-30 21:47:12,False,,,{},407,main_consent,204,2022-11-30 21:47:12,2022-11-30 21:47:12,,True,True,False,ModuleState,ModuleState
2022-11-30 21:47:17,False,,,{},409,main_consent,205,2022-11-30 21:47:17,2022-11-30 21:47:17,,True,True,False,ModuleState,ModuleState
2022-11-30 21:47:22,False,,,{},411,main_consent,206,2022-11-30 21:47:22,2022-11-30 21:47:22,,True,True,False,ModuleState,ModuleState
2022-11-30 21:47:27,False,,,{},413,main_consent,207,2022-11-30 21:47:27,2022-11-30 21:47:27,,True,True,False,ModuleState,ModuleState
2022-11-30 21:47:32,False,,,{},415,main_consent,208,2022-11-30 21:47:32,2022-11-30 21:47:32,,True,True,False,ModuleState,ModuleState
2022-11-30 21:47:37,False,,,{},417,main_consent,209,2022-11-30 21:47:37,2022-11-30 21:47:37,,True,True,False,ModuleState,ModuleState
2022-11-30 21:47:42,False,,,{},419,main_consent,210,2022-11-30 21:47:42,2022-11-30 21:47:42,,True,True,False,ModuleState,ModuleState
2022-11-30 21:47:47,False,,,{},421,main_consent,211,2022-11-30 21:47:47,2022-11-30 21:47:47,,True,True,False,ModuleState,ModuleState
2022-11-30 21:47:52,False,,,{},423,main_consent,212,2022-11-30 21:47:52,2022-11-30 21:47:52,,True,True,False,ModuleState,ModuleState
2022-11-30 21:47:57,False,,,{},425,main_consent,213,2022-11-30 21:47:57,2022-11-30 21:47:57,,True,True,False,ModuleState,ModuleState
2022-11-30 21:48:02,False,,,{},427,main_consent,214,2022-11-30 21:48:02,2022-11-30 21:48:02,,True,True,False,ModuleState,ModuleState
2022-11-30 21:48:07,False,,,{},429,main_consent,215,2022-11-30 21:48:07,2022-11-30 21:48:07,,True,True,False,ModuleState,ModuleState
2022-11-30 21:48:12,False,,,{},431,main_consent,216,2022-11-30 21:48:12,2022-11-30 21:48:12,,True,True,False,ModuleState,ModuleState
2022-11-30 21:48:17,False,,,{},433,main_consent,217,2022-11-30 21:48:17,2022-11-30 21:48:17,,True,True,False,ModuleState,ModuleState
2022-11-30 21:48:22,False,,,{},435,main_consent,218,2022-11-30 21:48:22,2022-11-30 21:48:22,,True,True,False,ModuleState,ModuleState
2022-11-30 21:48:27,False,,,{},437,main_consent,219,2022-11-30 21:48:27,2022-11-30 21:48:27,,True,True,False,ModuleState,ModuleState
2022-11-30 21:48:32,False,,,{},439,main_consent,220,2022-11-30 21:48:32,2022-11-30 21:48:32,,True,True,False,ModuleState,ModuleState
2022-11-30 21:48:37,False,,,{},441,main_consent,221,2022-11-30 21:48:37,2022-11-30 21:48:37,,True,True,False,ModuleState,ModuleState
2022-11-30 21:48:42,False,,,{},443,main_consent,222,2022-11-30 21:48:42,2022-11-30 21:48:42,,True,True,False,ModuleState,ModuleState
2022-11-30 21:48:47,False,,,{},445,main_consent,223,2022-11-30 21:48:47,2022-11-30 21:48:47,,True,True,False,ModuleState,ModuleState
2022-11-30 21:48:52,False,,,{},447,main_consent,224,2022-11-30 21:48:52,2022-11-30 21:48:52,,True,True,False,ModuleState,ModuleState
2022-11-30 21:48:57,False,,,{},449,main_consent,225,2022-11-30 21:48:57,2022-11-30 21:48:57,,True,True,False,ModuleState,ModuleState
2022-11-30 21:49:02,False,,,{},451,main_consent,226,2022-11-30 21:49:02,2022-11-30 21:49:02,,True,True,False,ModuleState,ModuleState
2022-11-30 21:49:07,False,,,{},453,main_consent,227,2022-11-30 21:49:07,2022-11-30 21:49:07,,True,True,False,ModuleState,ModuleState
2022-11-30 21:49:12,False,,,{},455,main_consent,228,2022-11-30 21:49:12,2022-11-30 21:49:12,,True,True,False,ModuleState,ModuleState
2022-11-30 21:49:17,False,,,{},457,main_consent,229,2022-11-30 21:49:17,2022-11-30 21:49:17,,True,True,False,ModuleState,ModuleState
2022-11-30 21:49:22,False,,,{},459,main_consent,230,2022-11-30 21:49:22,2022-11-30 21:49:22,,True,True,False,ModuleState,ModuleState
2022-11-30 21:49:27,False,,,{},461,main_consent,231,2022-11-30 21:49:27,2022-11-30 21:49:27,,True,True,False,ModuleState,ModuleState
2022-11-30 21:49:32,False,,,{},463,main_consent,232,2022-11-30 21:49:32,2022-11-30 21:49:32,,True,True,False,ModuleState,ModuleState
2022-11-30 21:49:37,False,,,{},465,main_consent,233,2022-11-30 21:49:37,2022-11-30 21:49:37,,True,True,False,ModuleState,ModuleState
2022-11-30 21:49:42,False,,,{},467,main_consent,234,2022-11-30 21:49:42,2022-11-30 21:49:42,,True,True,False,ModuleState,ModuleState
2022-11-30 21:49:47,False,,,{},469,main_consent,235,2022-11-30 21:49:47,2022-11-30 21:49:47,,True,True,False,ModuleState,ModuleState
2022-11-30 21:49:52,False,,,{},471,main_consent,236,2022-11-30 21:49:52,2022-11-30 21:49:52,,True,True,False,ModuleState,ModuleState
2022-11-30 21:49:57,False,,,{},473,main_consent,237,2022-11-30 21:49:57,2022-11-30 21:49:57,,True,True,False,ModuleState,ModuleState
2022-11-30 21:50:02,False,,,{},475,main_consent,238,2022-11-30 21:50:02,2022-11-30 21:50:02,,True,True,False,ModuleState,ModuleState
2022-11-30 21:50:07,False,,,{},477,main_consent,239,2022-11-30 21:50:07,2022-11-30 21:50:07,,True,True,False,ModuleState,ModuleState
2022-11-30 21:50:12,False,,,{},479,main_consent,240,2022-11-30 21:50:12,2022-11-30 21:50:12,,True,True,False,ModuleState,ModuleState
2022-11-30 21:50:17,False,,,{},481,main_consent,241,2022-11-30 21:50:17,2022-11-30 21:50:17,,True,True,False,ModuleState,ModuleState
2022-11-30 21:50:22,False,,,{},483,main_consent,242,2022-11-30 21:50:22,2022-11-30 21:50:22,,True,True,False,ModuleState,ModuleState
2022-11-30 21:50:27,False,,,{},485,main_consent,243,2022-11-30 21:50:27,2022-11-30 21:50:27,,True,True,False,ModuleState,ModuleState
2022-11-30 21:50:32,False,,,{},487,main_consent,244,2022-11-30 21:50:32,2022-11-30 21:50:32,,True,True,False,ModuleState,ModuleState
2022-11-30 21:50:37,False,,,{},489,main_consent,245,2022-11-30 21:50:37,2022-11-30 21:50:37,,True,True,False,ModuleState,ModuleState
2022-11-30 21:50:42,False,,,{},491,main_consent,246,2022-11-30 21:50:42,2022-11-30 21:50:42,,True,True,False,ModuleState,ModuleState
2022-11-30 21:50:47,False,,,{},493,main_consent,247,2022-11-30 21:50:47,2022-11-30 21:50:47,,True,True,False,ModuleState,ModuleState
2022-11-30 21:50:52,False,,,{},495,main_consent,248,2022-11-30 21:50:52,2022-11-30 21:50:52,,True,True,False,ModuleState,ModuleState
2022-11-30 21:50:57,False,,,{},497,main_consent,249,2022-11-30 21:50:57,2022-11-30 21:50:57,,True,True,False,ModuleState,ModuleState
2022-11-30 21:51:02,False,,,{},499,main_consent,250,2022-11-30 21:51:02,2022-11-30 21:51:02,,True,True,False,ModuleState,ModuleState
2022-11-30 21:51:07,False,,,{},501,main_consent,251,2022-11-30 21:51:07,2022-11-30 21:51:07,,True,True,False,ModuleState,ModuleState
2022-11-30 21:51:12,False,,,{},503,main_consent,252,2022-11-30 21:51:12,2022-11-30 21:51:12,,True,True,False,ModuleState,ModuleState
2022-11-30 21:51:17,False,,,{},505,main_consent,253,2022-11-30 21:51:17,2022-11-30 21:51:17,,True,True,False,ModuleState,ModuleState
2022-11-30 21:51:22,False,,,{},507,main_consent,254,2022-11-30 21:51:22,2022-11-30 21:51:22,,True,True,False,ModuleState,ModuleState
2022-11-30 21:51:27,False,,,{},509,main_consent,255,2022-11-30 21:51:27,2022-11-30 21:51:27,,True,True,False,ModuleState,ModuleState
2022-11-30 21:51:32,False,,,{},511,main_consent,256,2022-11-30 21:51:32,2022-11-30 21:51:32,,True,True,False,ModuleState,ModuleState
2022-11-30 21:51:37,False,,,{},513,main_consent,257,2022-11-30 21:51:37,2022-11-30 21:51:37,,True,True,False,ModuleState,ModuleState
2022-11-30 21:51:42,False,,,{},515,main_consent,258,2022-11-30 21:51:42,2022-11-30 21:51:42,,True,True,False,ModuleState,ModuleState
2022-11-30 21:51:47,False,,,{},517,main_consent,259,2022-11-30 21:51:47,2022-11-30 21:51:47,,True,True,False,ModuleState,ModuleState
2022-11-30 21:51:52,False,,,{},519,main_consent,260,2022-11-30 21:51:52,2022-11-30 21:51:52,,True,True,False,ModuleState,ModuleState
2022-11-30 21:51:57,False,,,{},521,main_consent,261,2022-11-30 21:51:57,2022-11-30 21:51:57,,True,True,False,ModuleState,ModuleState
2022-11-30 21:52:02,False,,,{},523,main_consent,262,2022-11-30 21:52:02,2022-11-30 21:52:02,,True,True,False,ModuleState,ModuleState
2022-11-30 21:52:07,False,,,{},525,main_consent,263,2022-11-30 21:52:07,2022-11-30 21:52:07,,True,True,False,ModuleState,ModuleState
2022-11-30 21:52:12,False,,,{},527,main_consent,264,2022-11-30 21:52:12,2022-11-30 21:52:12,,True,True,False,ModuleState,ModuleState
2022-11-30 21:52:17,False,,,{},529,main_consent,265,2022-11-30 21:52:17,2022-11-30 21:52:17,,True,True,False,ModuleState,ModuleState
2022-11-30 21:52:22,False,,,{},531,main_consent,266,2022-11-30 21:52:22,2022-11-30 21:52:22,,True,True,False,ModuleState,ModuleState
2022-11-30 21:52:27,False,,,{},533,main_consent,267,2022-11-30 21:52:27,2022-11-30 21:52:27,,True,True,False,ModuleState,ModuleState
2022-11-30 21:52:32,False,,,{},535,main_consent,268,2022-11-30 21:52:32,2022-11-30 21:52:32,,True,True,False,ModuleState,ModuleState
2022-11-30 21:52:37,False,,,{},537,main_consent,269,2022-11-30 21:52:37,2022-11-30 21:52:37,,True,True,False,ModuleState,ModuleState
2022-11-30 21:52:42,False,,,{},539,main_consent,270,2022-11-30 21:52:42,2022-11-30 21:52:42,,True,True,False,ModuleState,ModuleState
2022-11-30 21:52:47,False,,,{},541,main_consent,271,2022-11-30 21:52:47,2022-11-30 21:52:47,,True,True,False,ModuleState,ModuleState
2022-11-30 21:52:52,False,,,{},543,main_consent,272,2022-11-30 21:52:52,2022-11-30 21:52:52,,True,True,False,ModuleState,ModuleState
2022-11-30 21:52:57,False,,,{},545,main_consent,273,2022-11-30 21:52:57,2022-11-30 21:52:57,,True,True,False,ModuleState,ModuleState
2022-11-30 21:53:02,False,,,{},547,main_consent,274,2022-11-30 21:53:02,2022-11-30 21:53:02,,True,True,False,ModuleState,ModuleState
2022-11-30 21:53:07,False,,,{},549,main_consent,275,2022-11-30 21:53:07,2022-11-30 21:53:07,,True,True,False,ModuleState,ModuleState
2022-11-30 21:53:12,False,,,{},551,main_consent,276,2022-11-30 21:53:12,2022-11-30 21:53:12,,True,True,False,ModuleState,ModuleState
2022-11-30 21:53:17,False,,,{},553,main_consent,277,2022-11-30 21:53:17,2022-11-30 21:53:17,,True,True,False,ModuleState,ModuleState
2022-11-30 21:53:22,False,,,{},555,main_consent,278,2022-11-30 21:53:22,2022-11-30 21:53:22,,True,True,False,ModuleState,ModuleState
2022-11-30 21:53:27,False,,,{},557,main_consent,279,2022-11-30 21:53:27,2022-11-30 21:53:27,,True,True,False,ModuleState,ModuleState
2022-11-30 21:53:32,False,,,{},559,main_consent,280,2022-11-30 21:53:32,2022-11-30 21:53:32,,True,True,False,ModuleState,ModuleState
2022-11-30 21:53:37,False,,,{},561,main_consent,281,2022-11-30 21:53:37,2022-11-30 21:53:37,,True,True,False,ModuleState,ModuleState
2022-11-30 21:53:42,False,,,{},563,main_consent,282,2022-11-30 21:53:42,2022-11-30 21:53:42,,True,True,False,ModuleState,ModuleState
2022-11-30 21:53:47,False,,,{},565,main_consent,283,2022-11-30 21:53:47,2022-11-30 21:53:47,,True,True,False,ModuleState,ModuleState
2022-11-30 21:53:52,False,,,{},567,main_consent,284,2022-11-30 21:53:52,2022-11-30 21:53:52,,True,True,False,ModuleState,ModuleState
2022-11-30 21:53:57,False,,,{},569,main_consent,285,2022-11-30 21:53:57,2022-11-30 21:53:57,,True,True,False,ModuleState,ModuleState
2022-11-30 21:54:02,False,,,{},571,main_consent,286,2022-11-30 21:54:02,2022-11-30 21:54:02,,True,True,False,ModuleState,ModuleState
2022-11-30 21:54:07,False,,,{},573,main_consent,287,2022-11-30 21:54:07,2022-11-30 21:54:07,,True,True,False,ModuleState,ModuleState
2022-11-30 21:54:12,False,,,{},575,main_consent,288,2022-11-30 21:54:12,2022-11-30 21:54:12,,True,True,False,ModuleState,ModuleState
2022-11-30 21:54:17,False,,,{},577,main_consent,289,2022-11-30 21:54:17,2022-11-30 21:54:17,,True,True,False,ModuleState,ModuleState
2022-11-30 21:54:22,False,,,{},579,main_consent,290,2022-11-30 21:54:22,2022-11-30 21:54:22,,True,True,False,ModuleState,ModuleState
2022-11-30 21:54:27,False,,,{},581,main_consent,291,2022-11-30 21:54:27,2022-11-30 21:54:27,,True,True,False,ModuleState,ModuleState
2022-11-30 21:54:32,False,,,{},583,main_consent,292,2022-11-30 21:54:32,2022-11-30 21:54:32,,True,True,False,ModuleState,ModuleState
2022-11-30 21:54:37,False,,,{},585,main_consent,293,2022-11-30 21:54:37,2022-11-30 21:54:37,,True,True,False,ModuleState,ModuleState
2022-11-30 21:54:42,False,,,{},587,main_consent,294,2022-11-30 21:54:42,2022-11-30 21:54:42,,True,True,False,ModuleState,ModuleState
2022-11-30 21:54:47,False,,,{},589,main_consent,295,2022-11-30 21:54:47,2022-11-30 21:54:47,,True,True,False,ModuleState,ModuleState
2022-11-30 21:54:52,False,,,{},591,main_consent,296,2022-11-30 21:54:52,2022-11-30 21:54:52,,True,True,False,ModuleState,ModuleState
